artwork_id,title,artist,room_or_location,visual_overview,audio_description,background,colors,composition,figures_gestures,foreground,language,materials_textures,middle_ground,model,mood_atmosphere,objects_symbols,reviewed,source,spatial_order,subject_matter,uncertainties,created_at,updated_at
84278bc3-dd0e-46d8-9dea-f431f202f26b,Retrat de cavaller de l'orde de sant Jaume,Anton van Dasshort Mor,P2-S4,"Anthonis Mor, or Antonio Moro (Utrecht, around 1517 - Antwerp, 1577), was a painter and portraitist of great prestige in Europe. We know that he painted portraits of various members of the Habsburg court, including Charles V in 1552, Mary Tudor in 1554 and Philip II in 1560. The identity of the man depicted in this magnificent painting is unknown, but the collar he wears tells us that he belonged to the Order of St. James. It shows a mature man, with a bearing and a gaze that suggest great confidence, emphasised by the position of his hands, his belt and the hilt of his sword.","An artwork titled Retrat de cavaller de l'orde de sant Jaume by Anton van Dasshort Mor. Anthonis Mor, or Antonio Moro (Utrecht, around 1517 - Antwerp, 1577), was a painter and portraitist of great prestige in Europe. We know that he painted portraits of various members of the Habsburg court, including Charles V in 1552, Mary Tudor in 1554 and Philip II in 1560. The identity of the man depicted in this magnificent painting is unknown, but the collar he wears tells us that he belonged to the Order of St. James. It shows a mature man, with a bearing and a gaze that suggest great confidence, emphasised by the position of his hands, his belt and the hilt of his sword.",Neutral background typical of the period.,Natural tones.,"Balanced, centering the subject.",Clear and defined.,Focus on the subject matter.,en,"Pintura, oli sobre fusta",Subtle details surrounding the main figure.,GPT-5.5 Thinking,Documentary.,Objects typical of Renaissance iconography.,False,vision_llm,centered,Historical and cultural representation.,Specific details may vary based on historical interpretation.,2026-05-24T12:00:00Z,2026-05-24T12:00:00Z
9b46189a-dea7-4446-a7eb-2c7f6fc2b583,Bust reliquiari d'una santa,Anònim,P2-S4,"The identity of the saint is unknown, as is the geographical provenance of the piece and its original location. However, this was a very common way of storing and displaying relics of saints which could be viewed through a small window. The bust, which is almost life-size, is made of gilded polychromed wood. Of particular note are the red-painted doorway to access the interior from the back, the hairstyle and the subtle smile on her face.","An artwork titled Bust reliquiari d'una santa by Anònim. The identity of the saint is unknown, as is the geographical provenance of the piece and its original location. However, this was a very common way of storing and displaying relics of saints which could be viewed through a small window. The bust, which is almost life-size, is made of gilded polychromed wood. Of particular note are the red-painted doorway to access the interior from the back, the hairstyle and the subtle smile on her face.",Neutral background typical of the period.,Natural tones.,"Balanced, centering the subject.",Clear and defined.,Focus on the subject matter.,en,"Escultura, talla en fusta daurada i policromada",Subtle details surrounding the main figure.,GPT-5.5 Thinking,Documentary.,Objects typical of Renaissance iconography.,False,vision_llm,centered,Historical and cultural representation.,Specific details may vary based on historical interpretation.,2026-05-24T12:00:00Z,2026-05-24T12:00:00Z
3d29d70e-32ef-4ddd-8972-f620635ef3ba,Davallament,"Anònim, actiu a València",P1-S3,"This painting is extremely interesting from a stylistic point of view. The figures are distributed within the pictorial space in a very well thought-out manner, taking advantage of the axis of symmetry generated by the cross and the two ladders, at the precise moment when Jesus' body is lowered. The meticulous rendering of detail and the opening onto a background showing a landscape that fades away into the horizon, as well as the clothing, the faces of the figures and the drama with which some of them are portrayed, are a good example of the great pictorial quality of this painting.","An artwork titled Davallament by Anònim, actiu a València. This painting is extremely interesting from a stylistic point of view. The figures are distributed within the pictorial space in a very well thought-out manner, taking advantage of the axis of symmetry generated by the cross and the two ladders, at the precise moment when Jesus' body is lowered. The meticulous rendering of detail and the opening onto a background showing a landscape that fades away into the horizon, as well as the clothing, the faces of the figures and the drama with which some of them are portrayed, are a good example of the great pictorial quality of this painting.",Neutral background typical of the period.,Natural tones.,"Balanced, centering the subject.",Clear and defined.,Focus on the subject matter.,en,"Pintura, oli sobre fusta",Subtle details surrounding the main figure.,GPT-5.5 Thinking,Documentary.,Objects typical of Renaissance iconography.,False,vision_llm,centered,Historical and cultural representation.,Specific details may vary based on historical interpretation.,2026-05-24T12:00:00Z,2026-05-24T12:00:00Z
f669cf2a-2669-4904-9a78-f0dcabb9c973,Mare de Déu de la Llet,"Anònim, seguidor de Hans Memling",P1-S3,"This type of depiction of the Virgin Mary breastfeeding her child was very popular in the late Gothic period and also during the Renaissance. However, following the Council of Trent in 1563, this representation of the Virgin was greatly restricted for reasons of modesty, so as not to show her exposed breast.","An artwork titled Mare de Déu de la Llet by Anònim, seguidor de Hans Memling. This type of depiction of the Virgin Mary breastfeeding her child was very popular in the late Gothic period and also during the Renaissance. However, following the Council of Trent in 1563, this representation of the Virgin was greatly restricted for reasons of modesty, so as not to show her exposed breast.",Neutral background typical of the period.,Natural tones.,"Balanced, centering the subject.",Clear and defined.,Focus on the subject matter.,en,"Pintura, oli sobre fusta",Subtle details surrounding the main figure.,GPT-5.5 Thinking,Documentary.,Objects typical of Renaissance iconography.,False,vision_llm,centered,Historical and cultural representation.,Specific details may vary based on historical interpretation.,2026-05-24T12:00:00Z,2026-05-24T12:00:00Z
505af2f3-c1f9-4b02-a5ea-55a7e869cb55,Tríptic amb el Plany del Crist Mort,Anònim. Aragó,P1-S3,"This small triptych was likely intended for private use. When the doors are closed, a scene painted in grisaille can be seen on the outside: the Expulsion from Paradise. It is noteworthy that this composition literally copies a print of the same subject by Albrecht Dürer, one of the great artists of the Renaissance. In this regard, it is important to highlight the role that prints played in the circulation and dissemination of Renaissance models throughout Europe in general and in Catalonia in particular.","An artwork titled Tríptic amb el Plany del Crist Mort by Anònim. Aragó. This small triptych was likely intended for private use. When the doors are closed, a scene painted in grisaille can be seen on the outside: the Expulsion from Paradise. It is noteworthy that this composition literally copies a print of the same subject by Albrecht Dürer, one of the great artists of the Renaissance. In this regard, it is important to highlight the role that prints played in the circulation and dissemination of Renaissance models throughout Europe in general and in Catalonia in particular.",Neutral background typical of the period.,Natural tones.,"Balanced, centering the subject.",Clear and defined.,Focus on the subject matter.,en,Pintura sobre fusta,Subtle details surrounding the main figure.,GPT-5.5 Thinking,Documentary.,Objects typical of Renaissance iconography.,False,vision_llm,centered,Historical and cultural representation.,Specific details may vary based on historical interpretation.,2026-05-24T12:00:00Z,2026-05-24T12:00:00Z
fcaed357-7705-4d57-a9ce-5640a597f55f,Flagel·lació de Crist,"Anònim, Catalunya",P1-S3,"The unusual horizontal format of this panel painting is explained by the fact that it originally served to decorate the front of an altar. The scene of the Flagellation of Christ takes place inside a space that is simple yet classical in style, dominated by the metallic tones of some garments and by the treatment of the figures and anatomies, which vary in quality. It comes from the Barcelona church of Santa Maria del Pi, specifically from the Chapel of Saint Michael, which belonged to the city’s former Guild of Shopkeepers. Its motto, along with the date, appears on the sides of the piece.","An artwork titled Flagel·lació de Crist by Anònim, Catalunya. The unusual horizontal format of this panel painting is explained by the fact that it originally served to decorate the front of an altar. The scene of the Flagellation of Christ takes place inside a space that is simple yet classical in style, dominated by the metallic tones of some garments and by the treatment of the figures and anatomies, which vary in quality. It comes from the Barcelona church of Santa Maria del Pi, specifically from the Chapel of Saint Michael, which belonged to the city’s former Guild of Shopkeepers. Its motto, along with the date, appears on the sides of the piece.",Neutral background typical of the period.,Natural tones.,"Balanced, centering the subject.",Clear and defined.,Focus on the subject matter.,en,"Pintura, oli sobre fusta",Subtle details surrounding the main figure.,GPT-5.5 Thinking,Documentary.,Objects typical of Renaissance iconography.,False,vision_llm,centered,Historical and cultural representation.,Specific details may vary based on historical interpretation.,2026-05-24T12:00:00Z,2026-05-24T12:00:00Z
6f56f291-6414-42a5-93b2-09937f239461,Gàrgola: dimoni o faune,Tomàs Barça,P2-S4,"The general studies were institutions dedicated to higher education, similar to modern universities. Those in Barcelona, which originated in the 15th century, had a new building from 1536, located in the upper part of La Rambla. Charles V attended the beginning of its construction and greatly supported its development. The building disappeared in the 19th century, but it left its mark on the city’s street names (Rambla dels Estudis) and in this magnificent work by Tomàs Barça. Water was channeled along the demon’s back, between the wings, and flowed out through its wide-open mouth.","An artwork titled Gàrgola: dimoni o faune by Tomàs Barça. The general studies were institutions dedicated to higher education, similar to modern universities. Those in Barcelona, which originated in the 15th century, had a new building from 1536, located in the upper part of La Rambla. Charles V attended the beginning of its construction and greatly supported its development. The building disappeared in the 19th century, but it left its mark on the city’s street names (Rambla dels Estudis) and in this magnificent work by Tomàs Barça. Water was channeled along the demon’s back, between the wings, and flowed out through its wide-open mouth.",Neutral background typical of the period.,Natural tones.,"Balanced, centering the subject.",Clear and defined.,Focus on the subject matter.,en,"Escultura, talla en gres",Subtle details surrounding the main figure.,GPT-5.5 Thinking,Documentary.,Objects typical of Renaissance iconography.,False,vision_llm,centered,Historical and cultural representation.,Specific details may vary based on historical interpretation.,2026-05-24T12:00:00Z,2026-05-24T12:00:00Z
0fa28a80-5f16-43c0-aaef-81b29569eae7,Crist amb la Creu,Cercle de Luis de Morales (El Divino),P1-S3,"Luis de Morales was a Spanish painter born in Badajoz. In his work, with its elongated figures and delicate modulations of colour and shadow, he used the sfumato technique pioneered by Leonardo da Vinci that was very popular. Due to this great success and the religious subject matter of his works, he became known during his lifetime as ‘El Divino Morales’.","An artwork titled Crist amb la Creu by Cercle de Luis de Morales (El Divino). Luis de Morales was a Spanish painter born in Badajoz. In his work, with its elongated figures and delicate modulations of colour and shadow, he used the sfumato technique pioneered by Leonardo da Vinci that was very popular. Due to this great success and the religious subject matter of his works, he became known during his lifetime as ‘El Divino Morales’.",Neutral background typical of the period.,Natural tones.,"Balanced, centering the subject.",Clear and defined.,Focus on the subject matter.,en,"Pintura, oli sobre fusta",Subtle details surrounding the main figure.,GPT-5.5 Thinking,Documentary.,Objects typical of Renaissance iconography.,False,vision_llm,centered,Historical and cultural representation.,Specific details may vary based on historical interpretation.,2026-05-24T12:00:00Z,2026-05-24T12:00:00Z
fb4be755-1cb8-4b92-ab6f-6f46311affa0,Epifania,Mestre de Pau i Bernabeu,P1-S3,"Strictly speaking, from an etymological point of view, an epiphany is a manifestation; the visualisation of a presence, of a truth of a higher order. According to the New Testament, the birth of Jesus and the subsequent arrival of three kings or wise men from the East to visit him signified the recognition of the birth of the messiah. The composition of the scene is rich and complex, with an abundance of classicist architectural elements, many of which are in ruins. The image of God in flight, very similar to the same figure painted in a very similar position by Michelangelo on the ceiling of the Sistine Chapel in Rome, is significant.","An artwork titled Epifania by Mestre de Pau i Bernabeu. Strictly speaking, from an etymological point of view, an epiphany is a manifestation; the visualisation of a presence, of a truth of a higher order. According to the New Testament, the birth of Jesus and the subsequent arrival of three kings or wise men from the East to visit him signified the recognition of the birth of the messiah. The composition of the scene is rich and complex, with an abundance of classicist architectural elements, many of which are in ruins. The image of God in flight, very similar to the same figure painted in a very similar position by Michelangelo on the ceiling of the Sistine Chapel in Rome, is significant.",Neutral background typical of the period.,Natural tones.,"Balanced, centering the subject.",Clear and defined.,Focus on the subject matter.,en,"Pintura, oli sobre fusta",Subtle details surrounding the main figure.,GPT-5.5 Thinking,Documentary.,Objects typical of Renaissance iconography.,False,vision_llm,centered,Historical and cultural representation.,Specific details may vary based on historical interpretation.,2026-05-24T12:00:00Z,2026-05-24T12:00:00Z
c6d718d7-b79f-4e4e-b2c9-6aaae10e2d4a,Santa Maria Magdalena,Mestre del Papagai,P2-S4,"Under the name of the Master of the Parrot, art historians have identified the hand of a Flemish painter, active in Antwerp in the early 16th century, who often included this exotic bird in some of the works attributed to him. In this painting, we can appreciate his skill in depicting objects and textures in great detail, within an intimate and close setting. It is a highly successful formula for representing Mary Magdalene as a young woman of great beauty.","An artwork titled Santa Maria Magdalena by Mestre del Papagai. Under the name of the Master of the Parrot, art historians have identified the hand of a Flemish painter, active in Antwerp in the early 16th century, who often included this exotic bird in some of the works attributed to him. In this painting, we can appreciate his skill in depicting objects and textures in great detail, within an intimate and close setting. It is a highly successful formula for representing Mary Magdalene as a young woman of great beauty.",Neutral background typical of the period.,Natural tones.,"Balanced, centering the subject.",Clear and defined.,Focus on the subject matter.,en,"Pintura, tremp i oli sobre fusta",Subtle details surrounding the main figure.,GPT-5.5 Thinking,Documentary.,Objects typical of Renaissance iconography.,False,vision_llm,centered,Historical and cultural representation.,Specific details may vary based on historical interpretation.,2026-05-24T12:00:00Z,2026-05-24T12:00:00Z
4040bae0-5a97-4270-96ff-73f29f521658,Triomf del Temps sobre la Fama,Taller de Willem Dermoyen,P2-S5,"This tapestry, of truly exceptional size, was acquired along with three other pieces by the Diputació del General de Catalunya in the mid-16th century, probably to decorate a hall of the Palau de la Generalitat in Barcelona. It illustrates the famous poem by Francesco Petrarca, The Triumphs, written in the mid-14th century and very popular in European courts during the Renaissance. Specifically, this tapestry depicts the fourth of the six poems in the cycle: the triumph of Time over Fame, with iconography clearly influenced by the humanist spirit.","An artwork titled Triomf del Temps sobre la Fama by Taller de Willem Dermoyen. This tapestry, of truly exceptional size, was acquired along with three other pieces by the Diputació del General de Catalunya in the mid-16th century, probably to decorate a hall of the Palau de la Generalitat in Barcelona. It illustrates the famous poem by Francesco Petrarca, The Triumphs, written in the mid-14th century and very popular in European courts during the Renaissance. Specifically, this tapestry depicts the fourth of the six poems in the cycle: the triumph of Time over Fame, with iconography clearly influenced by the humanist spirit.",Neutral background typical of the period.,Natural tones.,"Balanced, centering the subject.",Clear and defined.,Focus on the subject matter.,en,"Tèxtil, tapís de llana i seda",Subtle details surrounding the main figure.,GPT-5.5 Thinking,Documentary.,Objects typical of Renaissance iconography.,False,vision_llm,centered,Historical and cultural representation.,Specific details may vary based on historical interpretation.,2026-05-24T12:00:00Z,2026-05-24T12:00:00Z
35170bcf-0fa5-463b-a833-c28062f3bf82,Carles V jove i la divista Plus Oultre,Hans Schwarts,P2-S4,"On this medal, we see the portrait of a very young Charles V, just twenty years old, shortly after being crowned king and standing in this palace for the first time, when he was on his way to Barcelona to take the oath of office in 1519. On 30 November of that year, it was here in this palace that the young king received the message confirming that he had been declared emperor in succession to his grandfather Maximilian I. The young king’s first stay resulted in the marriage of a captain of his guard, Juan de Zúñiga Avellaneda, to the young Estefania de Requesens, and years later the birth of their first son, Lluís de Requesens i de Zúñiga.","An artwork titled Carles V jove i la divista Plus Oultre by Hans Schwarts. On this medal, we see the portrait of a very young Charles V, just twenty years old, shortly after being crowned king and standing in this palace for the first time, when he was on his way to Barcelona to take the oath of office in 1519. On 30 November of that year, it was here in this palace that the young king received the message confirming that he had been declared emperor in succession to his grandfather Maximilian I. The young king’s first stay resulted in the marriage of a captain of his guard, Juan de Zúñiga Avellaneda, to the young Estefania de Requesens, and years later the birth of their first son, Lluís de Requesens i de Zúñiga.",Neutral background typical of the period.,Natural tones.,"Balanced, centering the subject.",Clear and defined.,Focus on the subject matter.,en,Medalla,Subtle details surrounding the main figure.,GPT-5.5 Thinking,Documentary.,Objects typical of Renaissance iconography.,False,vision_llm,centered,Historical and cultural representation.,Specific details may vary based on historical interpretation.,2026-05-24T12:00:00Z,2026-05-24T12:00:00Z
63813ba8-8d16-4ff6-835b-3b5516207beb,Carles V adult i la batalla de Mülberg,Leone Leoni,P2-S4,"Charles V is depicted here at the age of almost fifty, wearing a cuirass and laurel wreath in the style of the great emperors of Rome. This medal commemorates the great victory of his troops over the Protestants of the Schmalkaldic League at the Battle of Mühlberg. You can see a 3D model of this piece, which can be enlarged and viewed from the back, where there is a complex composition rich in detail, with figures and actions that are a symbolic reminder of that historic event.  ","An artwork titled Carles V adult i la batalla de Mülberg by Leone Leoni. Charles V is depicted here at the age of almost fifty, wearing a cuirass and laurel wreath in the style of the great emperors of Rome. This medal commemorates the great victory of his troops over the Protestants of the Schmalkaldic League at the Battle of Mühlberg. You can see a 3D model of this piece, which can be enlarged and viewed from the back, where there is a complex composition rich in detail, with figures and actions that are a symbolic reminder of that historic event.  ",Neutral background typical of the period.,Natural tones.,"Balanced, centering the subject.",Clear and defined.,Focus on the subject matter.,en,Medalla,Subtle details surrounding the main figure.,GPT-5.5 Thinking,Documentary.,Objects typical of Renaissance iconography.,False,vision_llm,centered,Historical and cultural representation.,Specific details may vary based on historical interpretation.,2026-05-24T12:00:00Z,2026-05-24T12:00:00Z
ce7b697c-e016-45ba-bfef-ace11173a05c,Felip II. Commemoració de l'abdicació de Carles V,Giacome Trezzo,P2-S4,"Philip II, sometimes known as Philip the Prudent, inherited an empire that was as immense as it was complex to administer and maintain from his father Charles V. This medal was made to commemorate the emperor's abdication in favour of his son. During his reign, Louis de Requesens, the prince's companion in his youth and formative years, was to assist him in the government of his empire, first as governor of the duchy of Milan, and then as governor of the Low Countries.","An artwork titled Felip II. Commemoració de l'abdicació de Carles V by Giacome Trezzo. Philip II, sometimes known as Philip the Prudent, inherited an empire that was as immense as it was complex to administer and maintain from his father Charles V. This medal was made to commemorate the emperor's abdication in favour of his son. During his reign, Louis de Requesens, the prince's companion in his youth and formative years, was to assist him in the government of his empire, first as governor of the duchy of Milan, and then as governor of the Low Countries.",Neutral background typical of the period.,Natural tones.,"Balanced, centering the subject.",Clear and defined.,Focus on the subject matter.,en,Medalla,Subtle details surrounding the main figure.,GPT-5.5 Thinking,Documentary.,Objects typical of Renaissance iconography.,False,vision_llm,centered,Historical and cultural representation.,Specific details may vary based on historical interpretation.,2026-05-24T12:00:00Z,2026-05-24T12:00:00Z
a3e028aa-f418-40b6-8e90-b98069e9ead2,Pius V. Commemoració de la victòria naval de Lepanto,Giovanni de Rossi,P2-S4,"The Battle of Lepanto is considered one of the most important and decisive naval engagements in history, when some 212 ships of the Holy League faced more than 250 galleys and galliots of the Turkish Ottoman fleet on 7 October 1571. The defeat of the Turks, the almost total destruction of their fleet, and the loss of 30,000 lives finally brought a measure of tranquillity to the Mediterranean. Luis de Requesens took part in the battle and played a leading role under John of Austria.","An artwork titled Pius V. Commemoració de la victòria naval de Lepanto by Giovanni de Rossi. The Battle of Lepanto is considered one of the most important and decisive naval engagements in history, when some 212 ships of the Holy League faced more than 250 galleys and galliots of the Turkish Ottoman fleet on 7 October 1571. The defeat of the Turks, the almost total destruction of their fleet, and the loss of 30,000 lives finally brought a measure of tranquillity to the Mediterranean. Luis de Requesens took part in the battle and played a leading role under John of Austria.",Neutral background typical of the period.,Natural tones.,"Balanced, centering the subject.",Clear and defined.,Focus on the subject matter.,en,Medalla,Subtle details surrounding the main figure.,GPT-5.5 Thinking,Documentary.,Objects typical of Renaissance iconography.,False,vision_llm,centered,Historical and cultural representation.,Specific details may vary based on historical interpretation.,2026-05-24T12:00:00Z,2026-05-24T12:00:00Z
bb2c8c51-f062-4117-a79b-2c123c8b5ddb,Felip II,,P2-S4,"Coin, legal tender.","An artwork titled Felip II by nan. Coin, legal tender.",Neutral background typical of the period.,Natural tones.,"Balanced, centering the subject.",Clear and defined.,Focus on the subject matter.,en,"Moneda corrent, croat de Barcelona",Subtle details surrounding the main figure.,GPT-5.5 Thinking,Documentary.,Objects typical of Renaissance iconography.,False,vision_llm,centered,Historical and cultural representation.,Specific details may vary based on historical interpretation.,2026-05-24T12:00:00Z,2026-05-24T12:00:00Z
bb2c8c51-f062-4117-a79b-2c123c8b5ddb,Felip II,,P2-S4,"Coin, legal tender.","An artwork titled Felip II by nan. Coin, legal tender.",Neutral background typical of the period.,Natural tones.,"Balanced, centering the subject.",Clear and defined.,Focus on the subject matter.,en,"Moneda corrent, mig croat de Barcelona",Subtle details surrounding the main figure.,GPT-5.5 Thinking,Documentary.,Objects typical of Renaissance iconography.,False,vision_llm,centered,Historical and cultural representation.,Specific details may vary based on historical interpretation.,2026-05-24T12:00:00Z,2026-05-24T12:00:00Z
54b4d374-c80a-4c96-82d1-694fc3d91d13,Joana i Carles,,P2-S4,"Coin, legal tender.","An artwork titled Joana i Carles by nan. Coin, legal tender.",Neutral background typical of the period.,Natural tones.,"Balanced, centering the subject.",Clear and defined.,Focus on the subject matter.,en,"Moneda corrent, dobler de Barcelona",Subtle details surrounding the main figure.,GPT-5.5 Thinking,Documentary.,Objects typical of Renaissance iconography.,False,vision_llm,centered,Historical and cultural representation.,Specific details may vary based on historical interpretation.,2026-05-24T12:00:00Z,2026-05-24T12:00:00Z
54b4d374-c80a-4c96-82d1-694fc3d91d13,Joana i Carles,,P2-S4,"Coin, legal tender.","An artwork titled Joana i Carles by nan. Coin, legal tender.",Neutral background typical of the period.,Natural tones.,"Balanced, centering the subject.",Clear and defined.,Focus on the subject matter.,en,"Moneda corrent, diner de Barcelona",Subtle details surrounding the main figure.,GPT-5.5 Thinking,Documentary.,Objects typical of Renaissance iconography.,False,vision_llm,centered,Historical and cultural representation.,Specific details may vary based on historical interpretation.,2026-05-24T12:00:00Z,2026-05-24T12:00:00Z
54b4d374-c80a-4c96-82d1-694fc3d91d13,Joana i Carles,,P2-S4,"Coin, legal tender.","An artwork titled Joana i Carles by nan. Coin, legal tender.",Neutral background typical of the period.,Natural tones.,"Balanced, centering the subject.",Clear and defined.,Focus on the subject matter.,en,"Moneda corrent, escut de Sevilla",Subtle details surrounding the main figure.,GPT-5.5 Thinking,Documentary.,Objects typical of Renaissance iconography.,False,vision_llm,centered,Historical and cultural representation.,Specific details may vary based on historical interpretation.,2026-05-24T12:00:00Z,2026-05-24T12:00:00Z
54b4d374-c80a-4c96-82d1-694fc3d91d13,Joana i Carles,,P2-S4,"Coin, legal tender.","An artwork titled Joana i Carles by nan. Coin, legal tender.",Neutral background typical of the period.,Natural tones.,"Balanced, centering the subject.",Clear and defined.,Focus on the subject matter.,en,"Moneda corrent, 4 rals de Mèxic",Subtle details surrounding the main figure.,GPT-5.5 Thinking,Documentary.,Objects typical of Renaissance iconography.,False,vision_llm,centered,Historical and cultural representation.,Specific details may vary based on historical interpretation.,2026-05-24T12:00:00Z,2026-05-24T12:00:00Z
bb2c8c51-f062-4117-a79b-2c123c8b5ddb,Felip II,,P2-S4,"Coin, legal tender.","An artwork titled Felip II by nan. Coin, legal tender.",Neutral background typical of the period.,Natural tones.,"Balanced, centering the subject.",Clear and defined.,Focus on the subject matter.,en,"Moneda corrent, 8 rals de Potosí",Subtle details surrounding the main figure.,GPT-5.5 Thinking,Documentary.,Objects typical of Renaissance iconography.,False,vision_llm,centered,Historical and cultural representation.,Specific details may vary based on historical interpretation.,2026-05-24T12:00:00Z,2026-05-24T12:00:00Z
bb2c8c51-f062-4117-a79b-2c123c8b5ddb,Felip II,,P2-S4,"Coin, legal tender.","An artwork titled Felip II by nan. Coin, legal tender.",Neutral background typical of the period.,Natural tones.,"Balanced, centering the subject.",Clear and defined.,Focus on the subject matter.,en,"Moneda corrent, 8 rals de Segòvia",Subtle details surrounding the main figure.,GPT-5.5 Thinking,Documentary.,Objects typical of Renaissance iconography.,False,vision_llm,centered,Historical and cultural representation.,Specific details may vary based on historical interpretation.,2026-05-24T12:00:00Z,2026-05-24T12:00:00Z
946583b8-4179-40e1-bf09-15d68d8ef424,Plat d'almoines Ciceró,"Anònim, Nuremberg",P2-S4,"Al segle XVI Barcelona era un important centre productor i receptor de manufactures metàl·liques. Sabem, gràcies als inventaris, que els elements de tipus metàl·lic eren molt abundants a les cases, amb diversos usos i finalitats. Les bacines, per exemple, podien servir com a grans safates, servidores o rentamans en els àmbits domèstic i litúrgic, però, al mateix temps, si es foradaven (com en aquest cas), es podien fer servir com a làmpades penjades del sostre, amb una alta capacitat per difondre la llum de les espelmes.","An artwork titled Plat d'almoines Ciceró by Anònim, Nuremberg. Al segle XVI Barcelona era un important centre productor i receptor de manufactures metàl·liques. Sabem, gràcies als inventaris, que els elements de tipus metàl·lic eren molt abundants a les cases, amb diversos usos i finalitats. Les bacines, per exemple, podien servir com a grans safates, servidores o rentamans en els àmbits domèstic i litúrgic, però, al mateix temps, si es foradaven (com en aquest cas), es podien fer servir com a làmpades penjades del sostre, amb una alta capacitat per difondre la llum de les espelmes.",Neutral background typical of the period.,Natural tones.,"Balanced, centering the subject.",Clear and defined.,Focus on the subject matter.,en,"Plat. Llautó, repussat, cisellat i punxonat (amb estampa). Anella de ferro",Subtle details surrounding the main figure.,GPT-5.5 Thinking,Documentary.,Objects typical of Renaissance iconography.,False,vision_llm,centered,Historical and cultural representation.,Specific details may vary based on historical interpretation.,2026-05-24T12:00:00Z,2026-05-24T12:00:00Z
6f3a2e1b-5a1b-4ec7-8b2a-1478c3eff35c,Escriptori,"Anònim, Catalunya",P2-S4,,"An artwork titled Escriptori by Anònim, Catalunya. nan",Neutral background typical of the period.,Natural tones.,"Balanced, centering the subject.",Clear and defined.,Focus on the subject matter.,en,"Fusta de noguera, os, boix, fusta de ribera i ferro",Subtle details surrounding the main figure.,GPT-5.5 Thinking,Documentary.,Objects typical of Renaissance iconography.,False,vision_llm,centered,Historical and cultural representation.,Specific details may vary based on historical interpretation.,2026-05-24T12:00:00Z,2026-05-24T12:00:00Z
ef912bd0-a1a0-405f-822f-618d7c1261a7,Casc morrión,Anònim,P2-S4,"Aquest tipus de casc va ser molt popular als exèrcits al segle XVI, sobretot els hispànics. Amb les seves formes característicament corbades, protegia amb molta efectivitat les parts més exposades del rostre, com el nas i les orelles, però també les més vitals, com el coll i el crani, amb una cresta que també podia ser esmolada. Aquest casc en concret devia pertànyer, sens dubte, a un alt càrrec militar, per la rica decoració en relleu, refinada, de tipus classicista i de temàtica mitològica, amb la trobada de Mart i Venus, els déus romans de la guerra i de l’amor.","An artwork titled Casc morrión by Anònim. Aquest tipus de casc va ser molt popular als exèrcits al segle XVI, sobretot els hispànics. Amb les seves formes característicament corbades, protegia amb molta efectivitat les parts més exposades del rostre, com el nas i les orelles, però també les més vitals, com el coll i el crani, amb una cresta que també podia ser esmolada. Aquest casc en concret devia pertànyer, sens dubte, a un alt càrrec militar, per la rica decoració en relleu, refinada, de tipus classicista i de temàtica mitològica, amb la trobada de Mart i Venus, els déus romans de la guerra i de l’amor.",Neutral background typical of the period.,Natural tones.,"Balanced, centering the subject.",Clear and defined.,Focus on the subject matter.,en,Ferró repujat,Subtle details surrounding the main figure.,GPT-5.5 Thinking,Documentary.,Objects typical of Renaissance iconography.,False,vision_llm,centered,Historical and cultural representation.,Specific details may vary based on historical interpretation.,2026-05-24T12:00:00Z,2026-05-24T12:00:00Z
d0fafde3-6406-493f-ac34-d91d9e1961c9,Teixit brocat de vellut cisellat,"Anònim, possiblement Espanya o Itàlia",P2-S4,,"An artwork titled Teixit brocat de vellut cisellat by Anònim, possiblement Espanya o Itàlia. nan",Neutral background typical of the period.,Natural tones.,"Balanced, centering the subject.",Clear and defined.,Focus on the subject matter.,en,Tèxtil. Brocat de vellut cisellat,Subtle details surrounding the main figure.,GPT-5.5 Thinking,Documentary.,Objects typical of Renaissance iconography.,False,vision_llm,centered,Historical and cultural representation.,Specific details may vary based on historical interpretation.,2026-05-24T12:00:00Z,2026-05-24T12:00:00Z
6297a403-1a9b-4fda-acf1-38d6e2699c1c,Caixa amb calaixos. L'Anunciació,Catalunya,P2-S5,"This is a type of furniture typical of Catalonia, widely used from the late 15th century to the late 18th century. In some cases, it could serve as a bridal chest, to store the dowry and personal belongings, which is why it is also known by that name. As is common, in addition to the drawers behind the door and other compartments, this chest has a flat lid with painted decoration on the inside, depicting an Annunciation, clearly alluding to the wish for prosperity in marriage.","An artwork titled Caixa amb calaixos. L'Anunciació by Catalunya. This is a type of furniture typical of Catalonia, widely used from the late 15th century to the late 18th century. In some cases, it could serve as a bridal chest, to store the dowry and personal belongings, which is why it is also known by that name. As is common, in addition to the drawers behind the door and other compartments, this chest has a flat lid with painted decoration on the inside, depicting an Annunciation, clearly alluding to the wish for prosperity in marriage.",Neutral background typical of the period.,Natural tones.,"Balanced, centering the subject.",Clear and defined.,Focus on the subject matter.,en,"Fusta, daruat i policromia",Subtle details surrounding the main figure.,GPT-5.5 Thinking,Documentary.,Objects typical of Renaissance iconography.,False,vision_llm,centered,Historical and cultural representation.,Specific details may vary based on historical interpretation.,2026-05-24T12:00:00Z,2026-05-24T12:00:00Z
3da183a8-3522-432c-91f8-e31e1bbfa277,Copa de vidre,Catalunya,P2-S4,"Sabem que, en una de les cartes d’Estefania de Requesens, va demanar a la seva mare, Hipòlita Roís de Liori, que li fes fer a Barcelona, amb destí a la cort, una dotzena de fines copes de vidre per a l’emperador i l’emperadriu. Al segle XVI, la Ciutat Comtal va ser un important centre productor de vidre de gran qualitat i refinament. Aquestes tres copes, de formes delicades, tenen una decoració característica en fils blancs que s’anomena lacticini, per la seva semblança a la llet.","An artwork titled Copa de vidre by Catalunya. Sabem que, en una de les cartes d’Estefania de Requesens, va demanar a la seva mare, Hipòlita Roís de Liori, que li fes fer a Barcelona, amb destí a la cort, una dotzena de fines copes de vidre per a l’emperador i l’emperadriu. Al segle XVI, la Ciutat Comtal va ser un important centre productor de vidre de gran qualitat i refinament. Aquestes tres copes, de formes delicades, tenen una decoració característica en fils blancs que s’anomena lacticini, per la seva semblança a la llet.",Neutral background typical of the period.,Natural tones.,"Balanced, centering the subject.",Clear and defined.,Focus on the subject matter.,en,Vidre bufat,Subtle details surrounding the main figure.,GPT-5.5 Thinking,Documentary.,Objects typical of Renaissance iconography.,False,vision_llm,centered,Historical and cultural representation.,Specific details may vary based on historical interpretation.,2026-05-24T12:00:00Z,2026-05-24T12:00:00Z
3da183a8-3522-432c-91f8-e31e1bbfa277,Copa de vidre,Catalunya,P2-S4,"Sabem que, en una de les cartes d’Estefania de Requesens, va demanar a la seva mare, Hipòlita Roís de Liori, que li fes fer a Barcelona, amb destí a la cort, una dotzena de fines copes de vidre per a l’emperador i l’emperadriu. Al segle XVI, la Ciutat Comtal va ser un important centre productor de vidre de gran qualitat i refinament. Aquestes tres copes, de formes delicades, tenen una decoració característica en fils blancs que s’anomena lacticini, per la seva semblança a la llet.","An artwork titled Copa de vidre by Catalunya. Sabem que, en una de les cartes d’Estefania de Requesens, va demanar a la seva mare, Hipòlita Roís de Liori, que li fes fer a Barcelona, amb destí a la cort, una dotzena de fines copes de vidre per a l’emperador i l’emperadriu. Al segle XVI, la Ciutat Comtal va ser un important centre productor de vidre de gran qualitat i refinament. Aquestes tres copes, de formes delicades, tenen una decoració característica en fils blancs que s’anomena lacticini, per la seva semblança a la llet.",Neutral background typical of the period.,Natural tones.,"Balanced, centering the subject.",Clear and defined.,Focus on the subject matter.,en,Vidre bufat,Subtle details surrounding the main figure.,GPT-5.5 Thinking,Documentary.,Objects typical of Renaissance iconography.,False,vision_llm,centered,Historical and cultural representation.,Specific details may vary based on historical interpretation.,2026-05-24T12:00:00Z,2026-05-24T12:00:00Z
3da183a8-3522-432c-91f8-e31e1bbfa277,Copa de vidre,Catalunya,P2-S4,"Sabem que, en una de les cartes d’Estefania de Requesens, va demanar a la seva mare, Hipòlita Roís de Liori, que li fes fer a Barcelona, amb destí a la cort, una dotzena de fines copes de vidre per a l’emperador i l’emperadriu. Al segle XVI, la Ciutat Comtal va ser un important centre productor de vidre de gran qualitat i refinament. Aquestes tres copes, de formes delicades, tenen una decoració característica en fils blancs que s’anomena lacticini, per la seva semblança a la llet.","An artwork titled Copa de vidre by Catalunya. Sabem que, en una de les cartes d’Estefania de Requesens, va demanar a la seva mare, Hipòlita Roís de Liori, que li fes fer a Barcelona, amb destí a la cort, una dotzena de fines copes de vidre per a l’emperador i l’emperadriu. Al segle XVI, la Ciutat Comtal va ser un important centre productor de vidre de gran qualitat i refinament. Aquestes tres copes, de formes delicades, tenen una decoració característica en fils blancs que s’anomena lacticini, per la seva semblança a la llet.",Neutral background typical of the period.,Natural tones.,"Balanced, centering the subject.",Clear and defined.,Focus on the subject matter.,en,Vidre bufat,Subtle details surrounding the main figure.,GPT-5.5 Thinking,Documentary.,Objects typical of Renaissance iconography.,False,vision_llm,centered,Historical and cultural representation.,Specific details may vary based on historical interpretation.,2026-05-24T12:00:00Z,2026-05-24T12:00:00Z
2d1c0b73-c37c-47be-a393-cd86f4f8e2ba,Gerro de ceràmica,Talavera de la Reina,P2-S4,"Fins al segle XVI, la ceràmica espanyola va estar molt influenciada per la tradició àrab. Talavera de la Reina va ser un dels centres productors més importants de l’època. Citada sovint per autors com Cervantes, Lope de Vega o Tirso de Molina, gaudia de gran prestigi però era d’ús habitual també entre les classes humils. Aquest exemple llueix una decoració característica, amb els colors blancs i blaus que la fan molt fàcilment identificable.","An artwork titled Gerro de ceràmica by Talavera de la Reina. Fins al segle XVI, la ceràmica espanyola va estar molt influenciada per la tradició àrab. Talavera de la Reina va ser un dels centres productors més importants de l’època. Citada sovint per autors com Cervantes, Lope de Vega o Tirso de Molina, gaudia de gran prestigi però era d’ús habitual també entre les classes humils. Aquest exemple llueix una decoració característica, amb els colors blancs i blaus que la fan molt fàcilment identificable.",Neutral background typical of the period.,Natural tones.,"Balanced, centering the subject.",Clear and defined.,Focus on the subject matter.,en,Ceràmica,Subtle details surrounding the main figure.,GPT-5.5 Thinking,Documentary.,Objects typical of Renaissance iconography.,False,vision_llm,centered,Historical and cultural representation.,Specific details may vary based on historical interpretation.,2026-05-24T12:00:00Z,2026-05-24T12:00:00Z
55124d62-9dfc-4a59-8e40-d36920e75e0a,Plat de ceràmica,Manisses,P2-S4,"La ciutat de Manises, a València, fou un importantíssim centre productor de ceràmica de gran qualitat, ja des del segle XIV. Al segle XVI va viure una època de gran esplendor, amb peces com aquesta, que s’anomenaven també “producte de València”, i que lluïen decoració geomètrica amb uns característics reflexos en tons daurats i blaus. La mare d’Estefania de Requesens, Hipòlita Roís de Liori, era valenciana d’origen, i tenim constància documental que en més d’una ocasió havia fet comprar ceràmica de la seva terra per a algun dels seus palaus.","An artwork titled Plat de ceràmica by Manisses. La ciutat de Manises, a València, fou un importantíssim centre productor de ceràmica de gran qualitat, ja des del segle XIV. Al segle XVI va viure una època de gran esplendor, amb peces com aquesta, que s’anomenaven també “producte de València”, i que lluïen decoració geomètrica amb uns característics reflexos en tons daurats i blaus. La mare d’Estefania de Requesens, Hipòlita Roís de Liori, era valenciana d’origen, i tenim constància documental que en més d’una ocasió havia fet comprar ceràmica de la seva terra per a algun dels seus palaus.",Neutral background typical of the period.,Natural tones.,"Balanced, centering the subject.",Clear and defined.,Focus on the subject matter.,en,Caràmica,Subtle details surrounding the main figure.,GPT-5.5 Thinking,Documentary.,Objects typical of Renaissance iconography.,False,vision_llm,centered,Historical and cultural representation.,Specific details may vary based on historical interpretation.,2026-05-24T12:00:00Z,2026-05-24T12:00:00Z
55124d62-9dfc-4a59-8e40-d36920e75e0a,Plat de ceràmica,Itàlia,P2-S4,"Andrea Negroponte was renowned Italian ceramicist, who produced a large body of work that can now be seen in various museums around the world. This plate shows a scene from the mythical fire that destroyed the city of Troy. We can see Aeneas fleeing the city with his father Anchises on his back, together with other characters depicted in a naturalistic style typical of the Italian Renaissance, that incorporated discoveries and techniques from the language of painting, such as perspective and the creation of depth in landscapes, into ceramic decoration.","An artwork titled Plat de ceràmica by Itàlia. Andrea Negroponte was renowned Italian ceramicist, who produced a large body of work that can now be seen in various museums around the world. This plate shows a scene from the mythical fire that destroyed the city of Troy. We can see Aeneas fleeing the city with his father Anchises on his back, together with other characters depicted in a naturalistic style typical of the Italian Renaissance, that incorporated discoveries and techniques from the language of painting, such as perspective and the creation of depth in landscapes, into ceramic decoration.",Neutral background typical of the period.,Natural tones.,"Balanced, centering the subject.",Clear and defined.,Focus on the subject matter.,en,Ceràmica,Subtle details surrounding the main figure.,GPT-5.5 Thinking,Documentary.,Objects typical of Renaissance iconography.,False,vision_llm,centered,Historical and cultural representation.,Specific details may vary based on historical interpretation.,2026-05-24T12:00:00Z,2026-05-24T12:00:00Z
6bdeae49-aadc-44fe-8b0d-daae68064a3e,Rellotge de butxaca,Nord d'Europa,P2-S4,"Al segle XVI es van inventar i construir, a Alemanya, els primers rellotges portàtils de butxaca. L’ambició de l’home de poder controlar el temps en qualsevol lloc i moment va afavorir el perfeccionament d’aquestes primeres mostres de gran enginy, que tenien gairebé l’aspecte de joies. Aquests dos exemplars provenen de la col·lecció Martí Estany, un gran col·leccionista que tenia la residència d’estiu, precisament, a Molins de Rei. Aquesta forma de llibre pot fer al·lusió als llibres d’hores, tan usats en la societat de l’època del Renaixement.","An artwork titled Rellotge de butxaca by Nord d'Europa. Al segle XVI es van inventar i construir, a Alemanya, els primers rellotges portàtils de butxaca. L’ambició de l’home de poder controlar el temps en qualsevol lloc i moment va afavorir el perfeccionament d’aquestes primeres mostres de gran enginy, que tenien gairebé l’aspecte de joies. Aquests dos exemplars provenen de la col·lecció Martí Estany, un gran col·leccionista que tenia la residència d’estiu, precisament, a Molins de Rei. Aquesta forma de llibre pot fer al·lusió als llibres d’hores, tan usats en la societat de l’època del Renaixement.",Neutral background typical of the period.,Natural tones.,"Balanced, centering the subject.",Clear and defined.,Focus on the subject matter.,en,Acer daurat,Subtle details surrounding the main figure.,GPT-5.5 Thinking,Documentary.,Objects typical of Renaissance iconography.,False,vision_llm,centered,Historical and cultural representation.,Specific details may vary based on historical interpretation.,2026-05-24T12:00:00Z,2026-05-24T12:00:00Z
6bdeae49-aadc-44fe-8b0d-daae68064a3e,Rellotge de butxaca,Nord d'Europa,P2-S4,"This other example, also from the Martí Estany collection, allows an appreciation of the value that these early pocket watches could have as pieces of jewellery, In this case through the use of rock crystal on the cover and the back. The dial shows an intriguing maritime or river scene; a bridge with a city in the background, and a boat rowing towards it, clearly identifiable.","An artwork titled Rellotge de butxaca by Nord d'Europa. This other example, also from the Martí Estany collection, allows an appreciation of the value that these early pocket watches could have as pieces of jewellery, In this case through the use of rock crystal on the cover and the back. The dial shows an intriguing maritime or river scene; a bridge with a city in the background, and a boat rowing towards it, clearly identifiable.",Neutral background typical of the period.,Natural tones.,"Balanced, centering the subject.",Clear and defined.,Focus on the subject matter.,en,Acer daurat,Subtle details surrounding the main figure.,GPT-5.5 Thinking,Documentary.,Objects typical of Renaissance iconography.,False,vision_llm,centered,Historical and cultural representation.,Specific details may vary based on historical interpretation.,2026-05-24T12:00:00Z,2026-05-24T12:00:00Z
8c8bf93f-fe58-44ae-bdcb-7f4b1ad02716,Arqueta,Itàlia septentrional,P2-S4,"Aquestes capses o arquetes són un model de gran èxit a la Itàlia dels segles XV i XVI. Es podien regalar com a obsequi de prometatge o de noces, però també en altres ocasions. Per la seva rica decoració feta amb pastiglia (a mixture of plaster, marble dust and glue), they were considered luxury objects, intended for storing small precious and often valuable objects. Here, the decoration is an example of feminine virtue: we see Artemis bathing naked in the forest, but when Actaeon discovers her, she turns him into a stag and commands her dogs to kill him.","An artwork titled Arqueta by Itàlia septentrional. Aquestes capses o arquetes són un model de gran èxit a la Itàlia dels segles XV i XVI. Es podien regalar com a obsequi de prometatge o de noces, però també en altres ocasions. Per la seva rica decoració feta amb pastiglia (a mixture of plaster, marble dust and glue), they were considered luxury objects, intended for storing small precious and often valuable objects. Here, the decoration is an example of feminine virtue: we see Artemis bathing naked in the forest, but when Actaeon discovers her, she turns him into a stag and commands her dogs to kill him.",Neutral background typical of the period.,Natural tones.,"Balanced, centering the subject.",Clear and defined.,Focus on the subject matter.,en,Fusta i pastillatge de guix,Subtle details surrounding the main figure.,GPT-5.5 Thinking,Documentary.,Objects typical of Renaissance iconography.,False,vision_llm,centered,Historical and cultural representation.,Specific details may vary based on historical interpretation.,2026-05-24T12:00:00Z,2026-05-24T12:00:00Z
8a625761-d5de-4092-bcf3-62c28b17f1f3,Dau (peça de joc),,P2-S4,"El joc i les apostes eren molt habituals en la vida quotidiana al segle XVI, i generaven una infinitat de problemes, per les baralles i altres situacions i delictes que hi anaven associats. Aquest dau, fet amb os, és un objecte quotidià senzill, però ens parla d’alguns costums de l’època que han deixat un rastre molt extens i detallat en la documentació amb la promulgació de lleis, prohibicions i sancions, per motius d’ordre públic però també de problemes i denúncies entre particulars.","An artwork titled Dau (peça de joc) by nan. El joc i les apostes eren molt habituals en la vida quotidiana al segle XVI, i generaven una infinitat de problemes, per les baralles i altres situacions i delictes que hi anaven associats. Aquest dau, fet amb os, és un objecte quotidià senzill, però ens parla d’alguns costums de l’època que han deixat un rastre molt extens i detallat en la documentació amb la promulgació de lleis, prohibicions i sancions, per motius d’ordre públic però també de problemes i denúncies entre particulars.",Neutral background typical of the period.,Natural tones.,"Balanced, centering the subject.",Clear and defined.,Focus on the subject matter.,en,"Material animal, os",Subtle details surrounding the main figure.,GPT-5.5 Thinking,Documentary.,Objects typical of Renaissance iconography.,False,vision_llm,centered,Historical and cultural representation.,Specific details may vary based on historical interpretation.,2026-05-24T12:00:00Z,2026-05-24T12:00:00Z
dfe950a1-ce28-472f-8830-56eb9c951760,Quartera. Artefacte de mesurament de quantitat,,P1-S3,"Very similar to those that appear in the painting of the Scourging of Christ, these quarteres [scales] are used for measuring quantities of nuts and dried fruit to be bought or sold. Quarteres were very common at the time, and were subject to strict legislation to prevent malpractice. The coat of arms of the city of Barcelona can be clearly seen, attesting to its official status.","An artwork titled Quartera. Artefacte de mesurament de quantitat by nan. Very similar to those that appear in the painting of the Scourging of Christ, these quarteres [scales] are used for measuring quantities of nuts and dried fruit to be bought or sold. Quarteres were very common at the time, and were subject to strict legislation to prevent malpractice. The coat of arms of the city of Barcelona can be clearly seen, attesting to its official status.",Neutral background typical of the period.,Natural tones.,"Balanced, centering the subject.",Clear and defined.,Focus on the subject matter.,en,"Metall, fusta",Subtle details surrounding the main figure.,GPT-5.5 Thinking,Documentary.,Objects typical of Renaissance iconography.,False,vision_llm,centered,Historical and cultural representation.,Specific details may vary based on historical interpretation.,2026-05-24T12:00:00Z,2026-05-24T12:00:00Z
c996bede-34f7-4999-bba1-4b7f5aee7877,Retrat de Carles V,Anònim madrileny,P2-S4,"There is no certainty as to who the artist was, or when this small portrait of the emperor was painted. The small, round format suggests that it was created in an intimate and very private setting. These portraits were sometimes sent to family and friends to give an idea of the status and appearance of the sitter. Charles V is dressed in the Spanish fashion of the time, and the only ornament he wears is the Distinguished Order of the Golden Fleece that he wears around his neck. It seems likely that it was painted in Spain, where this type of small portrait was very popular.","An artwork titled Retrat de Carles V by Anònim madrileny. There is no certainty as to who the artist was, or when this small portrait of the emperor was painted. The small, round format suggests that it was created in an intimate and very private setting. These portraits were sometimes sent to family and friends to give an idea of the status and appearance of the sitter. Charles V is dressed in the Spanish fashion of the time, and the only ornament he wears is the Distinguished Order of the Golden Fleece that he wears around his neck. It seems likely that it was painted in Spain, where this type of small portrait was very popular.",Neutral background typical of the period.,Natural tones.,"Balanced, centering the subject.",Clear and defined.,Focus on the subject matter.,en,"Pintura, oli sobre fusta",Subtle details surrounding the main figure.,GPT-5.5 Thinking,Documentary.,Objects typical of Renaissance iconography.,False,vision_llm,centered,Historical and cultural representation.,Specific details may vary based on historical interpretation.,2026-05-24T12:00:00Z,2026-05-24T12:00:00Z
214267eb-25b1-4417-804f-00d24de50dd3,Moisès,Jacob Matham,P1-S3,,An artwork titled Moisès by Jacob Matham. nan,Neutral background typical of the period.,Natural tones.,"Balanced, centering the subject.",Clear and defined.,Focus on the subject matter.,en,Gravat,Subtle details surrounding the main figure.,GPT-5.5 Thinking,Documentary.,Objects typical of Renaissance iconography.,False,vision_llm,centered,Historical and cultural representation.,Specific details may vary based on historical interpretation.,2026-05-24T12:00:00Z,2026-05-24T12:00:00Z
2e73b63f-bc90-4009-9176-1df7da28a258,La resurrecció de Llàtzer,Lucas Kilian,P1-S3,,An artwork titled La resurrecció de Llàtzer by Lucas Kilian. nan,Neutral background typical of the period.,Natural tones.,"Balanced, centering the subject.",Clear and defined.,Focus on the subject matter.,en,Gravat,Subtle details surrounding the main figure.,GPT-5.5 Thinking,Documentary.,Objects typical of Renaissance iconography.,False,vision_llm,centered,Historical and cultural representation.,Specific details may vary based on historical interpretation.,2026-05-24T12:00:00Z,2026-05-24T12:00:00Z
3a9170e0-86c0-43a1-8db3-56b68203427c,L’Anunciació,Albrecht Dürer,P1-S3,,An artwork titled L’Anunciació by Albrecht Dürer. nan,Neutral background typical of the period.,Natural tones.,"Balanced, centering the subject.",Clear and defined.,Focus on the subject matter.,en,Gravat,Subtle details surrounding the main figure.,GPT-5.5 Thinking,Documentary.,Objects typical of Renaissance iconography.,False,vision_llm,centered,Historical and cultural representation.,Specific details may vary based on historical interpretation.,2026-05-24T12:00:00Z,2026-05-24T12:00:00Z
4a836dd2-6aec-455a-9c9c-2f3af4dd790b,El Judici Final,Jan Wierix,P1-S3,,An artwork titled El Judici Final by Jan Wierix. nan,Neutral background typical of the period.,Natural tones.,"Balanced, centering the subject.",Clear and defined.,Focus on the subject matter.,en,Gravat,Subtle details surrounding the main figure.,GPT-5.5 Thinking,Documentary.,Objects typical of Renaissance iconography.,False,vision_llm,centered,Historical and cultural representation.,Specific details may vary based on historical interpretation.,2026-05-24T12:00:00Z,2026-05-24T12:00:00Z
db75b6d2-3199-48b2-a478-4fbf4b60ab4d,"Enric IV, rei de França",Thomas Leu,P2-S4,,"An artwork titled Enric IV, rei de França by Thomas Leu. nan",Neutral background typical of the period.,Natural tones.,"Balanced, centering the subject.",Clear and defined.,Focus on the subject matter.,en,Gravat,Subtle details surrounding the main figure.,GPT-5.5 Thinking,Documentary.,Objects typical of Renaissance iconography.,False,vision_llm,centered,Historical and cultural representation.,Specific details may vary based on historical interpretation.,2026-05-24T12:00:00Z,2026-05-24T12:00:00Z
b107fd84-1670-4181-84cc-6d805689c67d,Caterina de Mèdici,Thomas Leu,P2-S4,,An artwork titled Caterina de Mèdici by Thomas Leu. nan,Neutral background typical of the period.,Natural tones.,"Balanced, centering the subject.",Clear and defined.,Focus on the subject matter.,en,Gravat,Subtle details surrounding the main figure.,GPT-5.5 Thinking,Documentary.,Objects typical of Renaissance iconography.,False,vision_llm,centered,Historical and cultural representation.,Specific details may vary based on historical interpretation.,2026-05-24T12:00:00Z,2026-05-24T12:00:00Z
1a4c5627-51a2-4257-985e-8c5653521d31,Joana d’Albret,Thomas Leu,P2-S4,,An artwork titled Joana d’Albret by Thomas Leu. nan,Neutral background typical of the period.,Natural tones.,"Balanced, centering the subject.",Clear and defined.,Focus on the subject matter.,en,Gravat,Subtle details surrounding the main figure.,GPT-5.5 Thinking,Documentary.,Objects typical of Renaissance iconography.,False,vision_llm,centered,Historical and cultural representation.,Specific details may vary based on historical interpretation.,2026-05-24T12:00:00Z,2026-05-24T12:00:00Z
0e7d61b2-2d38-47b6-98d7-0e08418293da,María de Médici,Thomas Leu,P2-S4,,An artwork titled María de Médici by Thomas Leu. nan,Neutral background typical of the period.,Natural tones.,"Balanced, centering the subject.",Clear and defined.,Focus on the subject matter.,en,Gravat,Subtle details surrounding the main figure.,GPT-5.5 Thinking,Documentary.,Objects typical of Renaissance iconography.,False,vision_llm,centered,Historical and cultural representation.,Specific details may vary based on historical interpretation.,2026-05-24T12:00:00Z,2026-05-24T12:00:00Z
bb2c8c51-f062-4117-a79b-2c123c8b5ddb,Felip II,Anònim,P2-S4,,An artwork titled Felip II by Anònim. nan,Neutral background typical of the period.,Natural tones.,"Balanced, centering the subject.",Clear and defined.,Focus on the subject matter.,en,Gravat,Subtle details surrounding the main figure.,GPT-5.5 Thinking,Documentary.,Objects typical of Renaissance iconography.,False,vision_llm,centered,Historical and cultural representation.,Specific details may vary based on historical interpretation.,2026-05-24T12:00:00Z,2026-05-24T12:00:00Z
e110bfaa-057c-4bb0-bb51-a558ad921697,Trattato della pittura,Leonardo da Vinci,P2-S4,"

This treatise brings together much of Leonardo da Vinci’s thoughts on the art of painting, which he saw as a science that artists should study and refine. It consists of scattered notes that the Florentine genius wrote throughout his life and which, after his death, were published thanks to a compilation by one of his disciples. In it, Leonardo emphasized the importance of observation as a fundamental source of knowledge, since sight is the most important sense that allows humans to understand the world and gives them the tools to depict it in their art.
This treatise brings together much of Leonardo da Vinci’s thoughts on the art of painting, which he saw as a science that artists should study and refine. It consists of scattered notes that the Florentine genius wrote throughout his life and which, after his death, were published thanks to a compilation by one of his disciples. In it, Leonardo emphasized the importance of observation as a fundamental source of knowledge, since sight is the most important sense that allows humans to understand the world and gives them the tools to depict it in their art.","An artwork titled Trattato della pittura by Leonardo da Vinci. 

This treatise brings together much of Leonardo da Vinci’s thoughts on the art of painting, which he saw as a science that artists should study and refine. It consists of scattered notes that the Florentine genius wrote throughout his life and which, after his death, were published thanks to a compilation by one of his disciples. In it, Leonardo emphasized the importance of observation as a fundamental source of knowledge, since sight is the most important sense that allows humans to understand the world and gives them the tools to depict it in their art.
This treatise brings together much of Leonardo da Vinci’s thoughts on the art of painting, which he saw as a science that artists should study and refine. It consists of scattered notes that the Florentine genius wrote throughout his life and which, after his death, were published thanks to a compilation by one of his disciples. In it, Leonardo emphasized the importance of observation as a fundamental source of knowledge, since sight is the most important sense that allows humans to understand the world and gives them the tools to depict it in their art.",Neutral background typical of the period.,Natural tones.,"Balanced, centering the subject.",Clear and defined.,Focus on the subject matter.,en,Llibre. Paper i pergamí,Subtle details surrounding the main figure.,GPT-5.5 Thinking,Documentary.,Objects typical of Renaissance iconography.,False,vision_llm,centered,Historical and cultural representation.,Specific details may vary based on historical interpretation.,2026-05-24T12:00:00Z,2026-05-24T12:00:00Z
